date,disp_mm
2015-01-01,-4.269
2015-01-02,-4.828
2015-01-03,-5.271
2015-01-04,-6.214
2015-01-05,-5.425
2015-01-06,-7.226
2015-01-07,-5.882
2015-01-08,-4.435
2015-01-09,-6.427
2015-01-10,-7.393
2015-01-11,-8.753
2015-01-12,-7.402
2015-01-13,-4.87
2015-01-14,-5.971
2015-01-15,-4.752
2015-01-16,-5.777
2015-01-17,-8.725
2015-01-18,-7.833
2015-01-19,-7.613
2015-01-20,-5.423
2015-01-21,-6.54
2015-01-22,-4.52
2015-01-23,-3.167
2015-01-24,-5.026
2015-01-25,-4.069
2015-01-26,-5.241
2015-01-27,-5.46
2015-01-28,-6.857
2015-01-29,-5.275
2015-01-30,-7.234
2015-01-31,-6.327
2015-02-01,-4.411
2015-02-02,-5.234
2015-02-03,-8.095
2015-02-04,-4.926
2015-02-05,-6.798
2015-02-06,-4.473
2015-02-07,-4.698
2015-02-08,-4.318
2015-02-09,-5.011
2015-02-10,-3.753
2015-02-11,-3.456
2015-02-12,-3.935
2015-02-13,-4.587
2015-02-14,-0.6
2015-02-15,-5.116
2015-02-16,-2.981
2015-02-17,-2.782
2015-02-18,-0.442
2015-02-19,-1.604
2015-02-20,-1.535
2015-02-21,0.028
2015-02-22,-0.479
2015-02-23,-1.572
2015-02-24,-1.36
2015-02-25,-0.77
2015-02-26,-2.78
2015-02-27,-4.366
2015-02-28,-2.824
2015-03-01,-1.952
2015-03-02,-0.341
2015-03-03,-4.228
2015-03-04,-0.897
2015-03-05,-1.726
2015-03-06,-2.576
2015-03-07,-2.185
2015-03-08,-4.814
2015-03-09,-4.639
2015-03-10,-3.085
2015-03-11,-4.435
2015-03-12,-4.049
2015-03-13,-2.194
2015-03-14,-2.805
2015-03-15,-5.187
2015-03-16,-3.583
2015-03-17,-2.428
2015-03-18,-4.932
2015-03-19,-0.893
2015-03-20,-1.193
2015-03-21,-5.403
2015-03-22,-2.399
2015-03-23,-2.436
2015-03-24,-6.283
2015-03-25,-4.011
2015-03-26,-4.429
2015-03-27,-2.167
2015-03-28,-2.073
2015-03-29,-5.714
2015-03-30,-4.307
2015-03-31,-4.366
2015-04-01,-1.924
2015-04-02,-2.017
2015-04-03,-2.118
2015-04-04,-3.501
2015-04-05,-1.194
2015-04-06,-0.954
2015-04-07,0.042
2015-04-08,-0.121
2015-04-09,0.429
2015-04-10,0.552
2015-04-11,1.806
2015-04-12,-0.72
2015-04-13,-1.747
2015-04-14,-1.161
2015-04-15,-1.254
2015-04-16,0.988
2015-04-17,2.92
2015-04-18,-1.752
2015-04-19,-0.078
2015-04-20,-2.416
2015-04-21,0.157
2015-04-22,-1.934
2015-04-23,-0.815
2015-04-24,-1.58
2015-04-25,-1.031
2015-04-26,0.766
2015-04-27,1.539
2015-04-28,-0.796
2015-04-29,0.867
2015-04-30,1.772
2015-05-01,-0.897
2015-05-02,0.4
2015-05-03,-1.954
2015-05-04,-3.681
2015-05-05,-4.381
2015-05-06,-0.551
2015-05-07,0.62
2015-05-08,-0.207
2015-05-09,-2.324
2015-05-10,-1.536
2015-05-11,-1.216
2015-05-12,0.105
2015-05-13,0.888
2015-05-14,-1.56
2015-05-15,-1.655
2015-05-16,-0.612
2015-05-17,-1.881
2015-05-18,-3.447
2015-05-19,-0.553
2015-05-20,2.199
2015-05-21,0.78
2015-05-22,3.324
2015-05-23,1.631
2015-05-24,0.167
2015-05-25,3.507
2015-05-26,-0.67
2015-05-27,0.882
2015-05-28,2.132
2015-05-29,2.798
2015-05-30,1.256
2015-05-31,-1.574
2015-06-01,0.358
2015-06-02,-1.065
2015-06-03,5.847
2015-06-04,3.15
2015-06-05,3.354
2015-06-06,2.646
2015-06-07,1.409
2015-06-08,1.16
2015-06-09,3.738
2015-06-10,2.984
2015-06-11,4.464
2015-06-12,2.923
2015-06-13,3.348
2015-06-14,5.297
2015-06-15,4.587
2015-06-16,2.889
2015-06-17,1.883
2015-06-18,5.657
2015-06-19,5.63
2015-06-20,6.55
2015-06-21,5.935
2015-06-22,4.686
2015-06-23,5.529
2015-06-24,7.056
2015-06-25,5.445
2015-06-26,7.933
2015-06-27,6.131
2015-06-28,4.654
2015-06-29,3.971
2015-06-30,3.1
2015-07-01,5.981
2015-07-02,3.938
2015-07-03,5.028
2015-07-04,1.241
2015-07-05,5.444
2015-07-06,2.23
2015-07-07,2.349
2015-07-08,2.566
2015-07-09,4.714
2015-07-10,5.303
2015-07-11,5.033
2015-07-12,6.248
2015-07-13,3.005
2015-07-14,6.404
2015-07-15,6.87
2015-07-16,4.586
2015-07-17,6.348
2015-07-18,3.972
2015-07-19,5.821
2015-07-20,4.77
2015-07-21,3.289
2015-07-22,3.375
2015-07-23,5.258
2015-07-24,3.793
2015-07-25,6.284
2015-07-26,6.671
2015-07-27,7.561
2015-07-28,7.086
2015-07-29,4.876
2015-07-30,8.59
2015-07-31,3.72
2015-08-01,5.822
2015-08-02,6.971
2015-08-03,5.399
2015-08-04,7.095
2015-08-05,6.125
2015-08-06,6.663
2015-08-07,8.74
2015-08-08,8.867
2015-08-09,7.242
2015-08-10,7.212
2015-08-11,8.723
2015-08-12,8.132
2015-08-13,5.483
2015-08-14,3.814
2015-08-15,6.474
2015-08-16,4.124
2015-08-17,6.802
2015-08-18,8.023
2015-08-19,9.302
2015-08-20,7.688
2015-08-21,6.786
2015-08-22,5.963
2015-08-23,9.013
2015-08-24,9.661
2015-08-25,9.424
2015-08-26,6.885
2015-08-27,6.099
2015-08-28,7.079
2015-08-29,9.031
2015-08-30,8.646
2015-08-31,9.226
2015-09-01,10.537
2015-09-02,9.259
2015-09-03,8.437
2015-09-04,8.843
2015-09-05,7.419
2015-09-06,8.283
2015-09-07,11.223
2015-09-08,5.751
2015-09-09,9.27
2015-09-10,10.363
2015-09-11,9.013
2015-09-12,6.075
2015-09-13,7.316
2015-09-14,7.915
2015-09-15,4.742
2015-09-16,5.899
2015-09-17,5.528
2015-09-18,7.277
2015-09-19,7.412
2015-09-20,6.369
2015-09-21,7.356
2015-09-22,6.173
2015-09-23,10.036
2015-09-24,7.009
2015-09-25,10.509
2015-09-26,7.753
2015-09-27,6.189
2015-09-28,10.951
2015-09-29,9.817
2015-09-30,8.342
2015-10-01,7.327
2015-10-02,6.383
2015-10-03,9.471
2015-10-04,9.919
2015-10-05,9.498
2015-10-06,6.432
2015-10-07,6.117
2015-10-08,6.385
2015-10-09,3.272
2015-10-10,10.234
2015-10-11,7.897
2015-10-12,7.364
2015-10-13,7.082
2015-10-14,9.28
2015-10-15,8.966
2015-10-16,8.428
2015-10-17,9.87
2015-10-18,6.921
2015-10-19,9.114
2015-10-20,8.448
2015-10-21,8.137
2015-10-22,5.687
2015-10-23,6.117
2015-10-24,5.457
2015-10-25,6.349
2015-10-26,7.653
2015-10-27,6.101
2015-10-28,6.415
2015-10-29,5.73
2015-10-30,6.809
2015-10-31,8.263
2015-11-01,9.543
2015-11-02,7.736
2015-11-03,5.645
2015-11-04,7.729
2015-11-05,5.689
2015-11-06,9.277
2015-11-07,9.009
2015-11-08,12.316
2015-11-09,9.108
2015-11-10,8.665
2015-11-11,8.542
2015-11-12,8.751
2015-11-13,9.536
2015-11-14,8.736
2015-11-15,8.973
2015-11-16,7.054
2015-11-17,9.345
2015-11-18,10.011
2015-11-19,9.142
2015-11-20,7.285
2015-11-21,8.256
2015-11-22,8.856
2015-11-23,9.389
2015-11-24,10.448
2015-11-25,9.414
2015-11-26,7.675
2015-11-27,6.961
2015-11-28,10.646
2015-11-29,10.725
2015-11-30,5.864
2015-12-01,8.333
2015-12-02,7.403
2015-12-03,9.205
2015-12-04,5.69
2015-12-05,9.107
2015-12-06,10.154
2015-12-07,8.988
2015-12-08,7.831
2015-12-09,7.125
2015-12-10,8.188
2015-12-11,9.292
2015-12-12,9.321
2015-12-13,4.279
2015-12-14,3.386
2015-12-15,5.133
2015-12-16,3.996
2015-12-17,8.43
2015-12-18,8.476
2015-12-19,6.103
2015-12-20,7.778
2015-12-21,6.759
2015-12-22,8.967
2015-12-23,8.413
2015-12-24,8.462
2015-12-25,7.205
2015-12-26,7.501
2015-12-27,6.678
2015-12-28,9.161
2015-12-29,8.331
2015-12-30,7.977
2015-12-31,7.123
2016-01-01,7.322
2016-01-02,8.828
2016-01-03,8.048
2016-01-04,6.819
2016-01-05,10.179
2016-01-06,8.747
2016-01-07,9.094
2016-01-08,8.609
2016-01-09,8.912
2016-01-10,9.018
2016-01-11,9.159
2016-01-12,10.905
2016-01-13,9.335
2016-01-14,11.402
2016-01-15,10.995
2016-01-16,12.14
2016-01-17,8.468
2016-01-18,10.972
2016-01-19,13.128
2016-01-20,12.323
2016-01-21,11.227
2016-01-22,11.123
2016-01-23,9.21
2016-01-24,11.706
2016-01-25,12.302
2016-01-26,14.547
2016-01-27,12.146
2016-01-28,14.5
2016-01-29,11.595
2016-01-30,10.423
2016-01-31,11.402
2016-02-01,11.195
2016-02-02,12.592
2016-02-03,13.903
2016-02-04,13.426
2016-02-05,15.059
2016-02-06,12.564
2016-02-07,14.248
2016-02-08,12.921
2016-02-09,14.425
2016-02-10,12.312
2016-02-11,7.556
2016-02-12,8.488
2016-02-13,9.57
2016-02-14,8.779
2016-02-15,8.525
2016-02-16,12.032
2016-02-17,9.787
2016-02-18,12.519
2016-02-19,10.885
2016-02-20,12.347
2016-02-21,11.225
2016-02-22,10.75
2016-02-23,12.397
2016-02-24,12.305
2016-02-25,14.206
2016-02-26,14.66
2016-02-27,12.556
2016-02-28,14.18
2016-02-29,11.611
2016-03-01,14.307
2016-03-02,12.185
2016-03-03,11.204
2016-03-04,12.066
2016-03-05,10.611
2016-03-06,12.472
2016-03-07,12.419
2016-03-08,14.0
2016-03-09,11.337
2016-03-10,12.802
2016-03-11,13.486
2016-03-12,13.842
2016-03-13,15.027
2016-03-14,17.906
2016-03-15,14.22
2016-03-16,13.579
2016-03-17,14.889
2016-03-18,15.363
2016-03-19,15.918
2016-03-20,15.292
2016-03-21,15.303
2016-03-22,14.046
2016-03-23,11.95
2016-03-24,16.749
2016-03-25,13.891
2016-03-26,13.061
2016-03-27,12.337
2016-03-28,15.25
2016-03-29,13.692
2016-03-30,13.998
2016-03-31,15.556
2016-04-01,16.396
2016-04-02,15.905
2016-04-03,15.722
2016-04-04,18.932
2016-04-05,19.667
2016-04-06,21.057
2016-04-07,18.496
2016-04-08,13.518
2016-04-09,17.79
2016-04-10,16.428
2016-04-11,16.383
2016-04-12,17.207
2016-04-13,15.124
2016-04-14,16.82
2016-04-15,13.961
2016-04-16,15.217
2016-04-17,14.408
2016-04-18,13.019
2016-04-19,15.588
2016-04-20,17.852
2016-04-21,15.116
2016-04-22,16.9
2016-04-23,15.606
2016-04-24,15.258
2016-04-25,12.356
2016-04-26,15.166
2016-04-27,14.231
2016-04-28,15.061
2016-04-29,17.535
2016-04-30,16.66
2016-05-01,14.67
2016-05-02,17.711
2016-05-03,16.35
2016-05-04,17.81
2016-05-05,14.39
2016-05-06,15.596
2016-05-07,17.355
2016-05-08,14.929
2016-05-09,13.668
2016-05-10,17.2
2016-05-11,16.039
2016-05-12,14.879
2016-05-13,14.429
2016-05-14,12.538
2016-05-15,14.997
2016-05-16,12.866
2016-05-17,15.748
2016-05-18,13.679
2016-05-19,12.476
2016-05-20,16.318
2016-05-21,17.006
2016-05-22,15.813
2016-05-23,18.19
2016-05-24,19.366
2016-05-25,17.269
2016-05-26,20.606
2016-05-27,18.745
2016-05-28,18.659
2016-05-29,19.091
2016-05-30,17.592
2016-05-31,16.123
2016-06-01,19.938
2016-06-02,18.82
2016-06-03,18.643
2016-06-04,20.24
2016-06-05,18.691
2016-06-06,17.161
2016-06-07,18.712
2016-06-08,18.936
2016-06-09,19.453
2016-06-10,19.189
2016-06-11,18.642
2016-06-12,18.505
2016-06-13,20.495
2016-06-14,19.627
2016-06-15,16.336
2016-06-16,21.813
2016-06-17,18.65
2016-06-18,17.09
2016-06-19,20.094
2016-06-20,19.648
2016-06-21,19.359
2016-06-22,17.867
2016-06-23,18.491
2016-06-24,16.815
2016-06-25,19.461
2016-06-26,19.246
2016-06-27,19.641
2016-06-28,17.902
2016-06-29,19.667
2016-06-30,20.125
2016-07-01,17.15
2016-07-02,20.844
2016-07-03,19.439
2016-07-04,22.648
2016-07-05,22.34
2016-07-06,21.488
2016-07-07,22.474
2016-07-08,21.252
2016-07-09,22.404
2016-07-10,22.183
2016-07-11,21.235
2016-07-12,23.657
2016-07-13,19.663
2016-07-14,19.585
2016-07-15,19.911
2016-07-16,21.603
2016-07-17,19.92
2016-07-18,20.74
2016-07-19,19.999
2016-07-20,20.741
2016-07-21,19.211
2016-07-22,18.214
2016-07-23,21.961
2016-07-24,21.234
2016-07-25,19.987
2016-07-26,17.174
2016-07-27,21.962
2016-07-28,21.275
2016-07-29,22.895
2016-07-30,24.941
2016-07-31,20.29
2016-08-01,19.2
2016-08-02,24.513
2016-08-03,22.244
2016-08-04,24.464
2016-08-05,23.127
2016-08-06,25.412
2016-08-07,22.988
2016-08-08,23.687
2016-08-09,24.582
2016-08-10,24.669
2016-08-11,21.399
2016-08-12,22.637
2016-08-13,25.977
2016-08-14,21.894
2016-08-15,24.97
2016-08-16,24.468
2016-08-17,26.241
2016-08-18,23.798
2016-08-19,23.724
2016-08-20,22.29
2016-08-21,24.086
2016-08-22,27.09
2016-08-23,25.991
2016-08-24,27.033
2016-08-25,26.489
2016-08-26,26.632
2016-08-27,27.037
2016-08-28,24.48
2016-08-29,27.265
2016-08-30,25.94
2016-08-31,25.042
2016-09-01,27.917
2016-09-02,23.783
2016-09-03,24.958
2016-09-04,27.98
2016-09-05,24.99
2016-09-06,27.732
2016-09-07,26.125
2016-09-08,25.54
2016-09-09,25.097
2016-09-10,28.635
2016-09-11,24.524
2016-09-12,24.573
2016-09-13,23.06
2016-09-14,25.592
2016-09-15,23.841
2016-09-16,24.513
2016-09-17,24.156
2016-09-18,24.253
2016-09-19,22.964
2016-09-20,24.539
2016-09-21,21.538
2016-09-22,22.915
2016-09-23,23.26
2016-09-24,22.289
2016-09-25,24.332
2016-09-26,24.864
2016-09-27,21.376
2016-09-28,23.482
2016-09-29,26.64
2016-09-30,26.293
2016-10-01,23.435
2016-10-02,26.086
2016-10-03,23.109
2016-10-04,26.17
2016-10-05,27.393
2016-10-06,24.379
2016-10-07,24.136
2016-10-08,18.815
2016-10-09,22.811
2016-10-10,21.06
2016-10-11,23.369
2016-10-12,21.897
2016-10-13,20.783
2016-10-14,21.181
2016-10-15,20.736
2016-10-16,20.747
2016-10-17,18.947
2016-10-18,24.928
2016-10-19,20.886
2016-10-20,23.503
2016-10-21,24.122
2016-10-22,22.079
2016-10-23,23.179
2016-10-24,21.08
2016-10-25,20.088
2016-10-26,21.906
2016-10-27,21.127
2016-10-28,21.352
2016-10-29,20.811
2016-10-30,18.602
2016-10-31,18.899
2016-11-01,22.555
2016-11-02,21.982
2016-11-03,21.185
2016-11-04,21.221
2016-11-05,22.73
2016-11-06,20.501
2016-11-07,23.678
2016-11-08,21.147
2016-11-09,20.248
2016-11-10,19.377
2016-11-11,22.64
2016-11-12,22.727
2016-11-13,21.363
2016-11-14,21.871
2016-11-15,22.856
2016-11-16,22.349
2016-11-17,20.704
2016-11-18,20.281
2016-11-19,19.907
2016-11-20,20.63
2016-11-21,20.69
2016-11-22,21.5
2016-11-23,19.409
2016-11-24,16.778
2016-11-25,19.952
2016-11-26,21.246
2016-11-27,22.022
2016-11-28,22.485
2016-11-29,21.184
2016-11-30,22.622
2016-12-01,19.402
2016-12-02,18.902
2016-12-03,20.215
2016-12-04,21.329
2016-12-05,24.464
2016-12-06,24.195
2016-12-07,24.104
2016-12-08,20.789
2016-12-09,17.585
2016-12-10,21.316
2016-12-11,21.982
2016-12-12,19.646
2016-12-13,19.734
2016-12-14,20.994
2016-12-15,21.138
2016-12-16,21.073
2016-12-17,19.505
2016-12-18,21.732
2016-12-19,18.666
2016-12-20,21.111
2016-12-21,22.352
2016-12-22,22.188
2016-12-23,21.059
2016-12-24,19.025
2016-12-25,23.464
2016-12-26,21.002
2016-12-27,23.295
2016-12-28,19.882
2016-12-29,17.702
2016-12-30,19.343
2016-12-31,18.688
2017-01-01,20.25
2017-01-02,21.813
2017-01-03,21.066
2017-01-04,20.567
2017-01-05,21.157
2017-01-06,20.658
2017-01-07,19.746
2017-01-08,23.479
2017-01-09,23.738
2017-01-10,21.75
2017-01-11,18.238
2017-01-12,19.718
2017-01-13,21.468
2017-01-14,21.843
2017-01-15,23.21
2017-01-16,20.615
2017-01-17,24.891
2017-01-18,21.677
2017-01-19,22.991
2017-01-20,23.459
2017-01-21,24.597
2017-01-22,23.733
2017-01-23,24.329
2017-01-24,21.687
2017-01-25,22.739
2017-01-26,22.269
2017-01-27,21.618
2017-01-28,21.235
2017-01-29,24.467
2017-01-30,23.287
2017-01-31,23.975
2017-02-01,27.003
2017-02-02,24.122
2017-02-03,23.519
2017-02-04,18.624
2017-02-05,19.718
2017-02-06,17.254
2017-02-07,22.615
2017-02-08,22.102
2017-02-09,23.676
2017-02-10,22.059
2017-02-11,20.071
2017-02-12,21.692
2017-02-13,19.952
2017-02-14,21.817
2017-02-15,21.469
2017-02-16,24.044
2017-02-17,22.942
2017-02-18,22.473
2017-02-19,21.96
2017-02-20,22.951
2017-02-21,23.784
2017-02-22,19.947
2017-02-23,22.675
2017-02-24,24.418
2017-02-25,23.611
2017-02-26,25.509
2017-02-27,24.762
2017-02-28,23.104
2017-03-01,23.436
2017-03-02,26.33
2017-03-03,25.543
2017-03-04,24.593
2017-03-05,23.928
2017-03-06,22.673
2017-03-07,23.573
2017-03-08,22.579
2017-03-09,21.187
2017-03-10,23.137
2017-03-11,23.981
2017-03-12,25.145
2017-03-13,26.263
2017-03-14,26.159
2017-03-15,25.405
2017-03-16,23.88
2017-03-17,23.915
2017-03-18,27.457
2017-03-19,24.402
2017-03-20,27.215
2017-03-21,27.315
2017-03-22,25.13
2017-03-23,22.904
2017-03-24,24.968
2017-03-25,23.405
2017-03-26,25.955
2017-03-27,28.095
2017-03-28,27.222
2017-03-29,27.947
2017-03-30,26.519
2017-03-31,24.583
2017-04-01,25.181
2017-04-02,27.507
2017-04-03,28.984
2017-04-04,29.143
2017-04-05,27.434
2017-04-06,30.545
2017-04-07,28.191
2017-04-08,25.919
2017-04-09,30.898
2017-04-10,28.656
2017-04-11,29.358
2017-04-12,28.74
2017-04-13,29.676
2017-04-14,27.598
2017-04-15,28.115
2017-04-16,27.615
2017-04-17,26.116
2017-04-18,28.709
2017-04-19,26.434
2017-04-20,28.267
2017-04-21,28.142
2017-04-22,29.114
2017-04-23,28.65
2017-04-24,28.559
2017-04-25,29.571
2017-04-26,28.906
2017-04-27,27.655
2017-04-28,26.381
2017-04-29,27.638
2017-04-30,26.001
2017-05-01,27.437
2017-05-02,26.515
2017-05-03,30.558
2017-05-04,28.551
2017-05-05,27.231
2017-05-06,27.112
2017-05-07,28.627
2017-05-08,28.588
2017-05-09,28.353
2017-05-10,29.835
2017-05-11,27.498
2017-05-12,27.546
2017-05-13,28.021
2017-05-14,28.412
2017-05-15,25.57
2017-05-16,29.866
2017-05-17,28.164
2017-05-18,29.582
2017-05-19,27.135
2017-05-20,29.374
2017-05-21,31.372
2017-05-22,31.323
2017-05-23,30.13
2017-05-24,31.115
2017-05-25,30.881
2017-05-26,33.579
2017-05-27,29.689
2017-05-28,32.628
2017-05-29,32.619
2017-05-30,31.707
2017-05-31,33.003
2017-06-01,33.146
2017-06-02,31.175
2017-06-03,30.794
2017-06-04,35.456
2017-06-05,35.11
2017-06-06,33.007
2017-06-07,32.755
2017-06-08,33.429
2017-06-09,34.851
2017-06-10,33.268
2017-06-11,36.071
2017-06-12,34.938
2017-06-13,36.569
2017-06-14,32.782
2017-06-15,31.695
2017-06-16,29.92
2017-06-17,32.59
2017-06-18,31.148
2017-06-19,32.199
2017-06-20,30.749
2017-06-21,32.052
2017-06-22,33.807
2017-06-23,33.971
2017-06-24,35.052
2017-06-25,34.71
2017-06-26,34.836
2017-06-27,33.679
2017-06-28,31.922
2017-06-29,33.843
2017-06-30,31.979
2017-07-01,32.791
2017-07-02,33.7
2017-07-03,32.872
2017-07-04,35.002
2017-07-05,32.853
2017-07-06,30.359
2017-07-07,35.072
2017-07-08,33.399
2017-07-09,31.88
2017-07-10,31.106
2017-07-11,32.37
2017-07-12,31.22
2017-07-13,32.322
2017-07-14,30.54
2017-07-15,33.144
2017-07-16,32.415
2017-07-17,36.063
2017-07-18,31.186
2017-07-19,31.65
2017-07-20,32.392
2017-07-21,31.518
2017-07-22,30.452
2017-07-23,32.307
2017-07-24,31.259
2017-07-25,29.537
2017-07-26,33.507
2017-07-27,31.471
2017-07-28,31.332
2017-07-29,33.11
2017-07-30,34.493
2017-07-31,32.089
2017-08-01,33.398
2017-08-02,32.476
2017-08-03,34.722
2017-08-04,31.821
2017-08-05,33.884
2017-08-06,33.208
2017-08-07,33.725
2017-08-08,36.206
2017-08-09,34.093
2017-08-10,37.012
2017-08-11,35.376
2017-08-12,35.701
2017-08-13,35.421
2017-08-14,37.256
2017-08-15,35.137
2017-08-16,34.722
2017-08-17,35.541
2017-08-18,38.108
2017-08-19,33.87
2017-08-20,33.891
2017-08-21,35.804
2017-08-22,35.742
2017-08-23,38.087
2017-08-24,37.893
2017-08-25,35.215
2017-08-26,39.438
2017-08-27,38.646
2017-08-28,36.661
2017-08-29,33.649
2017-08-30,39.003
2017-08-31,34.834
2017-09-01,35.189
2017-09-02,40.937
2017-09-03,37.948
2017-09-04,35.877
2017-09-05,39.524
2017-09-06,37.5
2017-09-07,38.553
2017-09-08,37.593
2017-09-09,36.655
2017-09-10,40.785
2017-09-11,39.007
2017-09-12,40.421
2017-09-13,39.777
2017-09-14,41.219
2017-09-15,40.782
2017-09-16,43.543
2017-09-17,39.321
2017-09-18,39.069
2017-09-19,38.73
2017-09-20,38.089
2017-09-21,38.161
2017-09-22,37.832
2017-09-23,36.265
2017-09-24,36.867
2017-09-25,37.785
2017-09-26,36.796
2017-09-27,35.417
2017-09-28,38.963
2017-09-29,38.954
2017-09-30,39.446
2017-10-01,40.534
2017-10-02,40.47
2017-10-03,38.321
2017-10-04,37.967
2017-10-05,36.699
2017-10-06,36.611
2017-10-07,36.502
2017-10-08,36.098
2017-10-09,38.598
2017-10-10,35.241
2017-10-11,34.811
2017-10-12,36.969
2017-10-13,35.043
2017-10-14,34.216
2017-10-15,36.891
2017-10-16,38.39
2017-10-17,36.622
2017-10-18,36.953
2017-10-19,33.089
2017-10-20,36.441
2017-10-21,37.736
2017-10-22,35.495
2017-10-23,34.643
2017-10-24,37.675
2017-10-25,34.182
2017-10-26,32.506
2017-10-27,36.001
2017-10-28,35.879
2017-10-29,34.71
2017-10-30,35.985
2017-10-31,38.258
2017-11-01,36.455
2017-11-02,34.479
2017-11-03,32.517
2017-11-04,35.182
2017-11-05,36.285
2017-11-06,33.944
2017-11-07,36.302
2017-11-08,33.892
2017-11-09,36.605
2017-11-10,34.787
2017-11-11,32.316
2017-11-12,31.43
2017-11-13,33.067
2017-11-14,33.717
2017-11-15,34.081
2017-11-16,32.799
2017-11-17,33.208
2017-11-18,33.488
2017-11-19,34.492
2017-11-20,32.123
2017-11-21,34.469
2017-11-22,35.143
2017-11-23,35.445
2017-11-24,34.363
2017-11-25,36.106
2017-11-26,34.852
2017-11-27,33.361
2017-11-28,35.777
2017-11-29,33.018
2017-11-30,32.56
2017-12-01,31.939
2017-12-02,33.8
2017-12-03,33.249
2017-12-04,32.479
2017-12-05,32.183
2017-12-06,30.809
2017-12-07,34.583
2017-12-08,32.969
2017-12-09,30.328
2017-12-10,35.149
2017-12-11,32.98
2017-12-12,34.011
2017-12-13,32.032
2017-12-14,33.353
2017-12-15,32.356
2017-12-16,32.73
2017-12-17,35.845
2017-12-18,34.369
2017-12-19,33.935
2017-12-20,33.384
2017-12-21,35.379
2017-12-22,36.238
2017-12-23,37.077
2017-12-24,37.043
2017-12-25,36.236
2017-12-26,36.485
2017-12-27,34.647
2017-12-28,33.402
2017-12-29,33.228
2017-12-30,33.901
2017-12-31,34.978
2018-01-01,34.907
2018-01-02,33.221
2018-01-03,37.338
2018-01-04,33.29
2018-01-05,32.337
2018-01-06,32.995
2018-01-07,32.506
2018-01-08,35.035
2018-01-09,32.609
2018-01-10,32.897
2018-01-11,34.268
2018-01-12,35.283
2018-01-13,35.551
2018-01-14,32.816
2018-01-15,32.956
2018-01-16,35.416
2018-01-17,35.351
2018-01-18,34.998
2018-01-19,35.344
2018-01-20,34.839
2018-01-21,37.148
2018-01-22,34.973
2018-01-23,34.384
2018-01-24,32.901
2018-01-25,37.654
2018-01-26,36.235
2018-01-27,32.905
2018-01-28,36.673
2018-01-29,35.812
2018-01-30,35.419
2018-01-31,35.912
2018-02-01,36.253
2018-02-02,35.368
2018-02-03,35.486
2018-02-04,35.933
2018-02-05,35.951
2018-02-06,37.224
2018-02-07,38.334
2018-02-08,37.816
2018-02-09,38.225
2018-02-10,36.405
2018-02-11,35.806
2018-02-12,32.136
2018-02-13,35.762
2018-02-14,37.847
2018-02-15,38.843
2018-02-16,41.346
2018-02-17,39.921
2018-02-18,39.854
2018-02-19,39.332
2018-02-20,39.112
2018-02-21,38.479
2018-02-22,37.329
2018-02-23,39.105
2018-02-24,35.457
2018-02-25,36.427
2018-02-26,37.369
2018-02-27,36.703
2018-02-28,35.203
2018-03-01,36.581
2018-03-02,35.772
2018-03-03,34.627
2018-03-04,34.617
2018-03-05,35.849
2018-03-06,37.739
2018-03-07,39.116
2018-03-08,33.994
2018-03-09,36.181
2018-03-10,36.572
2018-03-11,37.102
2018-03-12,36.617
2018-03-13,38.716
2018-03-14,36.261
2018-03-15,42.393
2018-03-16,39.401
2018-03-17,37.996
2018-03-18,35.552
2018-03-19,38.147
2018-03-20,36.277
2018-03-21,36.098
2018-03-22,37.011
2018-03-23,36.406
2018-03-24,40.227
2018-03-25,37.292
2018-03-26,34.977
2018-03-27,37.395
2018-03-28,36.541
2018-03-29,34.654
2018-03-30,36.626
2018-03-31,35.971
2018-04-01,35.892
2018-04-02,36.033
2018-04-03,38.293
2018-04-04,37.117
2018-04-05,36.137
2018-04-06,36.878
2018-04-07,39.114
2018-04-08,38.128
2018-04-09,39.212
2018-04-10,37.782
2018-04-11,39.408
2018-04-12,39.108
2018-04-13,38.314
2018-04-14,38.436
2018-04-15,40.728
2018-04-16,40.613
2018-04-17,40.589
2018-04-18,38.565
2018-04-19,39.4
2018-04-20,37.984
2018-04-21,37.721
2018-04-22,36.958
2018-04-23,36.969
2018-04-24,40.653
2018-04-25,35.684
2018-04-26,34.748
2018-04-27,36.675
2018-04-28,39.206
2018-04-29,37.041
2018-04-30,38.514
2018-05-01,38.035
2018-05-02,42.449
2018-05-03,38.925
2018-05-04,39.671
2018-05-05,41.969
2018-05-06,40.304
2018-05-07,39.227
2018-05-08,38.529
2018-05-09,39.308
2018-05-10,39.247
2018-05-11,42.956
2018-05-12,43.384
2018-05-13,43.587
2018-05-14,42.818
2018-05-15,42.424
2018-05-16,44.438
2018-05-17,43.497
2018-05-18,41.449
2018-05-19,41.397
2018-05-20,42.082
2018-05-21,41.103
2018-05-22,41.58
2018-05-23,40.38
2018-05-24,40.507
2018-05-25,42.288
2018-05-26,41.645
2018-05-27,41.79
2018-05-28,42.376
2018-05-29,42.631
2018-05-30,42.044
2018-05-31,44.47
2018-06-01,42.266
2018-06-02,44.496
2018-06-03,47.9
2018-06-04,45.813
2018-06-05,44.671
2018-06-06,46.818
2018-06-07,46.205
2018-06-08,45.45
2018-06-09,42.547
2018-06-10,44.312
2018-06-11,44.474
2018-06-12,45.54
2018-06-13,46.436
2018-06-14,50.177
2018-06-15,45.634
2018-06-16,44.262
2018-06-17,43.429
2018-06-18,40.955
2018-06-19,44.95
2018-06-20,43.068
2018-06-21,44.068
2018-06-22,45.0
2018-06-23,42.265
2018-06-24,46.013
2018-06-25,44.746
2018-06-26,43.275
2018-06-27,44.883
2018-06-28,45.132
2018-06-29,44.468
2018-06-30,46.772
2018-07-01,43.677
2018-07-02,46.483
2018-07-03,44.635
2018-07-04,44.061
2018-07-05,45.363
2018-07-06,45.777
2018-07-07,45.044
2018-07-08,46.651
2018-07-09,43.72
2018-07-10,45.165
2018-07-11,46.513
2018-07-12,44.64
2018-07-13,47.42
2018-07-14,49.877
2018-07-15,45.438
2018-07-16,48.547
2018-07-17,44.557
2018-07-18,46.907
2018-07-19,47.533
2018-07-20,46.836
2018-07-21,45.357
2018-07-22,46.617
2018-07-23,44.868
2018-07-24,45.821
2018-07-25,47.522
2018-07-26,47.679
2018-07-27,46.098
2018-07-28,48.573
2018-07-29,48.278
2018-07-30,46.455
2018-07-31,48.282
2018-08-01,47.198
2018-08-02,47.762
2018-08-03,45.253
2018-08-04,46.013
2018-08-05,47.07
2018-08-06,49.023
2018-08-07,46.614
2018-08-08,46.94
2018-08-09,49.085
2018-08-10,48.414
2018-08-11,48.779
2018-08-12,48.569
2018-08-13,47.234
2018-08-14,49.575
2018-08-15,45.92
2018-08-16,48.919
2018-08-17,51.468
2018-08-18,47.493
2018-08-19,48.363
2018-08-20,48.108
2018-08-21,48.712
2018-08-22,51.211
2018-08-23,49.217
2018-08-24,50.036
2018-08-25,49.558
2018-08-26,49.109
2018-08-27,47.979
2018-08-28,47.514
2018-08-29,47.756
2018-08-30,44.645
2018-08-31,45.752
2018-09-01,45.026
2018-09-02,45.153
2018-09-03,43.801
2018-09-04,45.128
2018-09-05,47.022
2018-09-06,46.652
2018-09-07,46.349
2018-09-08,48.436
2018-09-09,49.184
2018-09-10,50.651
2018-09-11,47.79
2018-09-12,49.537
2018-09-13,45.607
2018-09-14,48.443
2018-09-15,50.266
2018-09-16,47.637
2018-09-17,47.074
2018-09-18,46.865
2018-09-19,46.891
2018-09-20,46.471
2018-09-21,48.263
2018-09-22,48.945
2018-09-23,49.549
2018-09-24,49.476
2018-09-25,47.577
2018-09-26,46.215
2018-09-27,47.312
2018-09-28,47.129
2018-09-29,50.909
2018-09-30,49.842
2018-10-01,49.29
2018-10-02,47.912
2018-10-03,49.053
2018-10-04,49.276
2018-10-05,50.405
2018-10-06,49.809
2018-10-07,48.872
2018-10-08,46.192
2018-10-09,46.347
2018-10-10,46.302
2018-10-11,44.25
2018-10-12,46.82
2018-10-13,48.289
2018-10-14,47.857
2018-10-15,44.81
2018-10-16,44.544
2018-10-17,45.112
2018-10-18,44.806
2018-10-19,44.622
2018-10-20,45.38
2018-10-21,45.299
2018-10-22,44.0
2018-10-23,45.013
2018-10-24,48.558
2018-10-25,43.86
2018-10-26,45.803
2018-10-27,46.093
2018-10-28,41.859
2018-10-29,46.646
2018-10-30,44.087
2018-10-31,46.448
2018-11-01,45.859
2018-11-02,45.389
2018-11-03,45.712
2018-11-04,47.676
2018-11-05,47.057
2018-11-06,44.958
2018-11-07,42.013
2018-11-08,45.876
2018-11-09,46.135
2018-11-10,45.563
2018-11-11,44.652
2018-11-12,45.676
2018-11-13,43.774
2018-11-14,47.188
2018-11-15,44.998
2018-11-16,46.877
2018-11-17,44.43
2018-11-18,43.348
2018-11-19,43.305
2018-11-20,45.473
2018-11-21,45.508
2018-11-22,42.981
2018-11-23,47.846
2018-11-24,46.513
2018-11-25,46.398
2018-11-26,44.824
2018-11-27,44.506
2018-11-28,43.29
2018-11-29,45.489
2018-11-30,44.148
2018-12-01,45.637
2018-12-02,44.833
2018-12-03,44.568
2018-12-04,46.055
2018-12-05,45.125
2018-12-06,46.279
2018-12-07,44.753
2018-12-08,43.751
2018-12-09,44.125
2018-12-10,43.918
2018-12-11,47.696
2018-12-12,47.717
2018-12-13,46.85
2018-12-14,46.456
2018-12-15,46.856
2018-12-16,45.433
2018-12-17,43.949
2018-12-18,45.071
2018-12-19,44.08
2018-12-20,44.866
2018-12-21,46.777
2018-12-22,46.053
2018-12-23,47.417
2018-12-24,49.097
2018-12-25,48.166
2018-12-26,43.209
2018-12-27,44.52
2018-12-28,45.836
2018-12-29,44.674
2018-12-30,44.678
2018-12-31,49.239
2019-01-01,46.1
2019-01-02,48.328
2019-01-03,47.998
2019-01-04,46.796
2019-01-05,50.289
2019-01-06,48.002
2019-01-07,44.669
2019-01-08,45.0
2019-01-09,47.423
2019-01-10,45.773
2019-01-11,45.54
2019-01-12,45.091
2019-01-13,49.939
2019-01-14,48.701
2019-01-15,45.917
2019-01-16,46.301
2019-01-17,47.408
2019-01-18,46.97
2019-01-19,48.323
2019-01-20,46.771
2019-01-21,48.971
2019-01-22,46.343
2019-01-23,48.104
2019-01-24,47.636
2019-01-25,44.264
2019-01-26,47.431
2019-01-27,45.44
2019-01-28,43.567
2019-01-29,43.328
2019-01-30,45.906
2019-01-31,48.61
2019-02-01,49.733
2019-02-02,47.501
2019-02-03,52.714
2019-02-04,48.677
2019-02-05,45.709
2019-02-06,45.287
2019-02-07,46.834
2019-02-08,48.589
2019-02-09,44.953
2019-02-10,47.333
2019-02-11,49.421
2019-02-12,47.81
2019-02-13,48.086
2019-02-14,47.188
2019-02-15,46.339
2019-02-16,48.739
2019-02-17,47.353
2019-02-18,48.641
2019-02-19,49.713
2019-02-20,49.625
2019-02-21,50.326
2019-02-22,50.261
2019-02-23,48.964
2019-02-24,48.769
2019-02-25,48.335
2019-02-26,48.88
2019-02-27,48.082
2019-02-28,50.518
2019-03-01,49.877
2019-03-02,45.304
2019-03-03,46.56
2019-03-04,48.688
2019-03-05,47.877
2019-03-06,45.417
2019-03-07,48.389
2019-03-08,43.989
2019-03-09,48.871
2019-03-10,48.151
2019-03-11,44.993
2019-03-12,48.498
2019-03-13,48.386
2019-03-14,48.992
2019-03-15,45.844
2019-03-16,46.053
2019-03-17,46.805
2019-03-18,47.826
2019-03-19,47.022
2019-03-20,48.714
2019-03-21,47.028
2019-03-22,48.163
2019-03-23,50.521
2019-03-24,49.843
2019-03-25,49.615
2019-03-26,48.34
2019-03-27,48.381
2019-03-28,47.207
2019-03-29,46.965
2019-03-30,50.971
2019-03-31,52.72
2019-04-01,54.435
2019-04-02,50.458
2019-04-03,49.198
2019-04-04,50.427
2019-04-05,50.896
2019-04-06,50.188
2019-04-07,49.547
2019-04-08,50.373
2019-04-09,51.803
2019-04-10,52.306
2019-04-11,53.461
2019-04-12,51.535
2019-04-13,51.816
2019-04-14,52.779
2019-04-15,50.339
2019-04-16,49.338
2019-04-17,47.673
2019-04-18,48.999
2019-04-19,45.992
2019-04-20,48.605
2019-04-21,49.708
2019-04-22,50.109
2019-04-23,51.13
2019-04-24,48.909
2019-04-25,48.11
2019-04-26,49.517
2019-04-27,53.363
2019-04-28,51.655
2019-04-29,51.274
2019-04-30,51.709
2019-05-01,52.082
2019-05-02,48.225
2019-05-03,53.99
2019-05-04,53.696
2019-05-05,53.766
2019-05-06,49.534
2019-05-07,49.368
2019-05-08,50.374
2019-05-09,49.699
2019-05-10,51.207
2019-05-11,52.977
2019-05-12,55.71
2019-05-13,51.018
2019-05-14,54.344
2019-05-15,53.349
2019-05-16,55.066
2019-05-17,57.364
2019-05-18,53.159
2019-05-19,52.777
2019-05-20,55.744
2019-05-21,54.908
2019-05-22,53.545
2019-05-23,53.684
2019-05-24,52.906
2019-05-25,52.301
2019-05-26,57.051
2019-05-27,56.097
2019-05-28,52.023
2019-05-29,54.742
2019-05-30,54.549
2019-05-31,54.442
2019-06-01,52.486
2019-06-02,51.906
2019-06-03,54.533
2019-06-04,53.308
2019-06-05,52.001
2019-06-06,52.067
2019-06-07,56.87
2019-06-08,56.851
2019-06-09,55.413
2019-06-10,57.092
2019-06-11,55.751
2019-06-12,53.655
2019-06-13,54.539
2019-06-14,53.977
2019-06-15,58.24
2019-06-16,57.138
2019-06-17,58.269
2019-06-18,57.416
2019-06-19,54.86
2019-06-20,58.326
2019-06-21,58.015
2019-06-22,54.81
2019-06-23,55.534
2019-06-24,56.627
2019-06-25,53.348
2019-06-26,53.934
2019-06-27,53.931
2019-06-28,55.5
2019-06-29,52.732
2019-06-30,53.878
2019-07-01,53.029
2019-07-02,57.321
2019-07-03,53.625
2019-07-04,55.504
2019-07-05,55.739
2019-07-06,54.01
2019-07-07,51.844
2019-07-08,52.802
2019-07-09,52.596
2019-07-10,53.087
2019-07-11,53.351
2019-07-12,53.807
2019-07-13,54.662
2019-07-14,56.76
2019-07-15,53.696
2019-07-16,55.344
2019-07-17,54.361
2019-07-18,56.977
2019-07-19,58.61
2019-07-20,59.602
2019-07-21,58.479
2019-07-22,59.481
2019-07-23,60.187
2019-07-24,60.033
2019-07-25,59.616
2019-07-26,57.144
2019-07-27,58.817
2019-07-28,58.915
2019-07-29,59.956
2019-07-30,59.721
2019-07-31,61.557
2019-08-01,60.547
2019-08-02,61.109
2019-08-03,60.491
2019-08-04,59.06
2019-08-05,58.866
2019-08-06,58.136
2019-08-07,60.543
2019-08-08,60.324
2019-08-09,62.269
2019-08-10,60.393
2019-08-11,58.455
2019-08-12,57.434
2019-08-13,56.849
2019-08-14,60.711
2019-08-15,61.267
2019-08-16,59.892
2019-08-17,57.356
2019-08-18,59.068
2019-08-19,58.997
2019-08-20,57.817
2019-08-21,58.765
2019-08-22,59.139
2019-08-23,59.667
2019-08-24,59.925
2019-08-25,62.778
2019-08-26,60.474
2019-08-27,61.788
2019-08-28,62.573
2019-08-29,61.482
2019-08-30,59.109
2019-08-31,58.204
2019-09-01,59.729
2019-09-02,60.512
2019-09-03,62.939
2019-09-04,62.905
2019-09-05,61.53
2019-09-06,58.048
2019-09-07,59.139
2019-09-08,62.105
2019-09-09,62.123
2019-09-10,61.844
2019-09-11,65.205
2019-09-12,61.784
2019-09-13,62.388
2019-09-14,61.929
2019-09-15,59.287
2019-09-16,57.98
2019-09-17,62.307
2019-09-18,60.012
2019-09-19,60.293
2019-09-20,61.004
2019-09-21,61.757
2019-09-22,61.39
2019-09-23,62.985
2019-09-24,62.88
2019-09-25,60.082
2019-09-26,63.2
2019-09-27,58.916
2019-09-28,58.067
2019-09-29,61.106
2019-09-30,58.505
2019-10-01,60.019
2019-10-02,57.5
2019-10-03,61.211
2019-10-04,62.041
2019-10-05,60.016
2019-10-06,60.831
2019-10-07,58.949
2019-10-08,59.25
2019-10-09,58.777
2019-10-10,58.259
2019-10-11,56.662
2019-10-12,54.711
2019-10-13,58.451
2019-10-14,58.202
2019-10-15,58.542
2019-10-16,59.75
2019-10-17,59.684
2019-10-18,60.55
2019-10-19,59.255
2019-10-20,62.445
2019-10-21,59.688
2019-10-22,58.507
2019-10-23,59.221
2019-10-24,61.095
2019-10-25,59.385
2019-10-26,59.27
2019-10-27,63.007
2019-10-28,59.627
2019-10-29,59.055
2019-10-30,56.884
2019-10-31,58.396
2019-11-01,60.853
2019-11-02,57.522
2019-11-03,59.671
2019-11-04,60.413
2019-11-05,57.601
2019-11-06,59.125
2019-11-07,61.25
2019-11-08,61.435
2019-11-09,60.257
2019-11-10,57.08
2019-11-11,60.74
2019-11-12,59.44
2019-11-13,58.052
2019-11-14,56.769
2019-11-15,57.428
2019-11-16,58.096
2019-11-17,58.552
2019-11-18,57.824
2019-11-19,57.753
2019-11-20,57.731
2019-11-21,56.358
2019-11-22,55.889
2019-11-23,55.729
2019-11-24,55.614
2019-11-25,53.648
2019-11-26,52.093
2019-11-27,53.805
2019-11-28,52.48
2019-11-29,53.548
2019-11-30,52.564
2019-12-01,55.3
2019-12-02,52.885
2019-12-03,54.841
2019-12-04,56.01
2019-12-05,59.548
2019-12-06,57.74
2019-12-07,58.917
2019-12-08,56.254
2019-12-09,55.347
2019-12-10,56.161
2019-12-11,54.242
2019-12-12,56.804
2019-12-13,56.052
2019-12-14,56.511
2019-12-15,55.166
2019-12-16,55.996
2019-12-17,57.414
2019-12-18,56.467
2019-12-19,57.886
2019-12-20,57.204
2019-12-21,56.187
2019-12-22,55.495
2019-12-23,54.559
2019-12-24,53.278
2019-12-25,56.283
2019-12-26,56.596
2019-12-27,55.871
2019-12-28,56.159
2019-12-29,54.338
2019-12-30,56.578
2019-12-31,56.558
2020-01-01,54.205
2020-01-02,55.53
2020-01-03,55.851
2020-01-04,56.563
2020-01-05,56.604
2020-01-06,55.932
2020-01-07,56.192
2020-01-08,55.532
2020-01-09,54.944
2020-01-10,54.4
2020-01-11,56.642
2020-01-12,56.381
2020-01-13,55.345
2020-01-14,57.74
2020-01-15,58.929
2020-01-16,57.045
2020-01-17,56.134
2020-01-18,52.951
2020-01-19,55.978
2020-01-20,55.338
2020-01-21,55.224
2020-01-22,55.888
2020-01-23,55.677
2020-01-24,59.234
2020-01-25,58.402
2020-01-26,58.769
2020-01-27,59.631
2020-01-28,57.434
2020-01-29,53.966
2020-01-30,55.347
2020-01-31,58.398
2020-02-01,57.092
2020-02-02,54.106
2020-02-03,57.808
2020-02-04,59.798
2020-02-05,59.178
2020-02-06,53.788
2020-02-07,55.232
2020-02-08,58.935
2020-02-09,58.172
2020-02-10,58.75
2020-02-11,59.87
2020-02-12,58.619
2020-02-13,60.342
2020-02-14,62.128
2020-02-15,58.675
2020-02-16,59.018
2020-02-17,58.661
2020-02-18,59.88
2020-02-19,58.346
2020-02-20,60.005
2020-02-21,61.636
2020-02-22,59.429
2020-02-23,56.554
2020-02-24,56.513
2020-02-25,60.291
2020-02-26,59.304
2020-02-27,60.049
2020-02-28,59.086
2020-02-29,61.434
2020-03-01,63.101
2020-03-02,61.195
2020-03-03,63.602
2020-03-04,61.783
2020-03-05,61.037
2020-03-06,59.15
2020-03-07,62.135
2020-03-08,63.648
2020-03-09,62.715
2020-03-10,61.643
2020-03-11,58.73
2020-03-12,61.26
2020-03-13,61.112
2020-03-14,61.137
2020-03-15,64.938
2020-03-16,61.467
2020-03-17,63.826
2020-03-18,62.177
2020-03-19,64.224
2020-03-20,62.024
2020-03-21,62.529
2020-03-22,61.971
2020-03-23,63.684
2020-03-24,62.641
2020-03-25,64.194
2020-03-26,62.747
2020-03-27,64.235
2020-03-28,63.476
2020-03-29,62.821
2020-03-30,62.849
2020-03-31,65.004
2020-04-01,64.429
2020-04-02,61.458
2020-04-03,61.621
2020-04-04,61.363
2020-04-05,61.1
2020-04-06,61.788
2020-04-07,62.37
2020-04-08,62.633
2020-04-09,66.446
2020-04-10,62.073
2020-04-11,65.533
2020-04-12,65.193
2020-04-13,64.201
2020-04-14,64.93
2020-04-15,64.931
2020-04-16,65.017
2020-04-17,66.385
2020-04-18,63.934
2020-04-19,63.034
2020-04-20,65.83
2020-04-21,65.416
2020-04-22,63.592
2020-04-23,63.701
2020-04-24,62.951
2020-04-25,64.351
2020-04-26,62.322
2020-04-27,61.888
2020-04-28,60.15
2020-04-29,63.951
2020-04-30,64.938
2020-05-01,65.236
2020-05-02,68.328
2020-05-03,65.301
2020-05-04,63.927
2020-05-05,67.49
2020-05-06,66.617
2020-05-07,68.21
2020-05-08,66.085
2020-05-09,63.034
2020-05-10,67.322
2020-05-11,63.136
2020-05-12,62.311
2020-05-13,63.869
2020-05-14,63.517
2020-05-15,66.92
2020-05-16,65.261
2020-05-17,65.941
2020-05-18,64.485
2020-05-19,66.295
2020-05-20,63.74
2020-05-21,65.005
2020-05-22,64.453
2020-05-23,64.266
2020-05-24,63.706
2020-05-25,62.383
2020-05-26,61.231
2020-05-27,64.401
2020-05-28,62.051
2020-05-29,65.46
2020-05-30,63.816
2020-05-31,63.553
2020-06-01,65.104
2020-06-02,63.38
2020-06-03,66.658
2020-06-04,65.66
2020-06-05,66.727
2020-06-06,66.557
2020-06-07,66.857
2020-06-08,67.634
2020-06-09,64.285
2020-06-10,65.137
2020-06-11,65.562
2020-06-12,68.759
2020-06-13,66.846
2020-06-14,67.082
2020-06-15,68.607
2020-06-16,65.814
2020-06-17,70.354
2020-06-18,71.906
2020-06-19,68.323
2020-06-20,66.752
2020-06-21,67.411
2020-06-22,66.806
2020-06-23,69.32
2020-06-24,66.823
2020-06-25,65.136
2020-06-26,68.12
2020-06-27,64.034
2020-06-28,67.189
2020-06-29,67.572
2020-06-30,69.906
2020-07-01,68.971
2020-07-02,69.695
2020-07-03,70.718
2020-07-04,71.289
2020-07-05,68.312
2020-07-06,71.58
2020-07-07,69.477
2020-07-08,71.362
2020-07-09,70.093
2020-07-10,70.901
2020-07-11,71.496
2020-07-12,72.892
2020-07-13,68.498
2020-07-14,69.66
2020-07-15,72.53
2020-07-16,72.298
2020-07-17,70.164
2020-07-18,71.278
2020-07-19,69.47
2020-07-20,70.958
2020-07-21,70.851
2020-07-22,73.874
2020-07-23,73.438
2020-07-24,72.652
2020-07-25,71.122
2020-07-26,71.927
2020-07-27,72.301
2020-07-28,71.268
2020-07-29,71.13
2020-07-30,66.371
2020-07-31,69.082
2020-08-01,70.172
2020-08-02,70.49
2020-08-03,69.49
2020-08-04,74.074
2020-08-05,73.567
2020-08-06,72.891
2020-08-07,70.318
2020-08-08,72.001
2020-08-09,71.335
2020-08-10,73.216
2020-08-11,72.231
2020-08-12,72.42
2020-08-13,73.798
2020-08-14,70.864
2020-08-15,75.006
2020-08-16,74.119
2020-08-17,75.799
2020-08-18,73.402
2020-08-19,74.062
2020-08-20,71.767
2020-08-21,72.014
2020-08-22,77.542
2020-08-23,73.022
2020-08-24,72.104
2020-08-25,72.353
2020-08-26,72.763
2020-08-27,75.044
2020-08-28,75.134
2020-08-29,74.24
2020-08-30,72.125
2020-08-31,74.803
2020-09-01,76.336
2020-09-02,74.34
2020-09-03,75.244
2020-09-04,72.898
2020-09-05,72.193
2020-09-06,71.486
2020-09-07,74.741
2020-09-08,74.438
2020-09-09,75.38
2020-09-10,72.803
2020-09-11,73.384
2020-09-12,77.54
2020-09-13,76.42
2020-09-14,72.697
2020-09-15,72.256
2020-09-16,75.588
2020-09-17,74.266
2020-09-18,75.026
2020-09-19,75.964
2020-09-20,73.131
2020-09-21,72.784
2020-09-22,73.925
2020-09-23,74.911
2020-09-24,72.749
2020-09-25,71.355
2020-09-26,70.271
2020-09-27,71.395
2020-09-28,72.14
2020-09-29,72.049
2020-09-30,75.239
2020-10-01,72.477
2020-10-02,72.236
2020-10-03,73.423
2020-10-04,75.012
2020-10-05,74.571
2020-10-06,73.926
2020-10-07,72.981
2020-10-08,71.341
2020-10-09,72.056
2020-10-10,71.613
2020-10-11,70.631
2020-10-12,72.489
2020-10-13,68.877
2020-10-14,70.42
2020-10-15,72.249
2020-10-16,69.331
2020-10-17,71.63
2020-10-18,70.563
2020-10-19,72.527
2020-10-20,72.543
2020-10-21,70.014
2020-10-22,72.146
2020-10-23,69.09
2020-10-24,70.848
2020-10-25,71.366
2020-10-26,69.623
2020-10-27,70.744
2020-10-28,73.111
2020-10-29,72.547
2020-10-30,72.501
2020-10-31,71.041
2020-11-01,69.425
2020-11-02,69.211
2020-11-03,66.122
2020-11-04,69.673
2020-11-05,69.421
2020-11-06,70.863
2020-11-07,69.533
2020-11-08,71.991
2020-11-09,68.149
2020-11-10,71.01
2020-11-11,69.45
2020-11-12,69.468
2020-11-13,70.709
2020-11-14,69.011
2020-11-15,69.784
2020-11-16,70.522
2020-11-17,70.04
2020-11-18,68.413
2020-11-19,68.967
2020-11-20,67.646
2020-11-21,67.92
2020-11-22,69.007
2020-11-23,68.321
2020-11-24,68.508
2020-11-25,71.144
2020-11-26,70.784
2020-11-27,69.925
2020-11-28,68.0
2020-11-29,67.417
2020-11-30,70.614
2020-12-01,69.313
2020-12-02,67.87
2020-12-03,65.385
2020-12-04,67.351
2020-12-05,69.896
2020-12-06,67.952
2020-12-07,66.653
2020-12-08,68.85
2020-12-09,67.968
2020-12-10,67.549
2020-12-11,66.437
2020-12-12,65.826
2020-12-13,68.845
2020-12-14,68.406
2020-12-15,66.282
2020-12-16,67.511
2020-12-17,64.065
2020-12-18,66.704
2020-12-19,69.717
2020-12-20,66.536
2020-12-21,66.988
2020-12-22,69.469
2020-12-23,66.86
2020-12-24,67.464
2020-12-25,67.84
2020-12-26,66.248
2020-12-27,65.715
2020-12-28,66.846
2020-12-29,67.961
2020-12-30,66.726
2020-12-31,69.118
2021-01-01,69.915
2021-01-02,71.149
2021-01-03,67.515
2021-01-04,66.805
2021-01-05,69.418
2021-01-06,65.334
2021-01-07,70.469
2021-01-08,67.289
2021-01-09,69.7
2021-01-10,67.15
2021-01-11,70.599
2021-01-12,69.363
2021-01-13,67.813
2021-01-14,67.852
2021-01-15,67.826
2021-01-16,68.48
2021-01-17,68.899
2021-01-18,68.912
2021-01-19,67.41
2021-01-20,68.253
2021-01-21,71.532
2021-01-22,70.899
2021-01-23,68.111
2021-01-24,67.503
2021-01-25,68.709
2021-01-26,66.448
2021-01-27,66.501
2021-01-28,72.012
2021-01-29,68.344
2021-01-30,67.754
2021-01-31,69.47
2021-02-01,68.489
2021-02-02,68.745
2021-02-03,72.838
2021-02-04,73.17
2021-02-05,70.702
2021-02-06,70.647
2021-02-07,69.153
2021-02-08,69.382
2021-02-09,66.788
2021-02-10,69.246
2021-02-11,73.748
2021-02-12,70.295
2021-02-13,70.416
2021-02-14,69.033
2021-02-15,68.533
2021-02-16,71.706
2021-02-17,71.531
2021-02-18,70.283
2021-02-19,67.715
2021-02-20,72.048
2021-02-21,72.2
2021-02-22,74.294
2021-02-23,72.165
2021-02-24,71.426
2021-02-25,74.575
2021-02-26,74.808
2021-02-27,73.295
2021-02-28,72.754
2021-03-01,76.135
2021-03-02,72.888
2021-03-03,71.009
2021-03-04,73.285
2021-03-05,71.888
2021-03-06,73.864
2021-03-07,72.683
2021-03-08,75.658
2021-03-09,77.846
2021-03-10,74.73
2021-03-11,74.85
2021-03-12,74.884
2021-03-13,75.438
2021-03-14,78.251
2021-03-15,74.773
2021-03-16,71.117
2021-03-17,72.611
2021-03-18,73.968
2021-03-19,74.72
2021-03-20,75.363
2021-03-21,75.647
2021-03-22,78.696
2021-03-23,74.994
2021-03-24,73.383
2021-03-25,76.34
2021-03-26,76.348
2021-03-27,77.181
2021-03-28,77.674
2021-03-29,76.106
2021-03-30,74.285
2021-03-31,73.906
2021-04-01,71.46
2021-04-02,72.64
2021-04-03,75.382
2021-04-04,74.769
2021-04-05,74.058
2021-04-06,75.168
2021-04-07,78.752
2021-04-08,77.858
2021-04-09,76.602
2021-04-10,78.349
2021-04-11,74.62
2021-04-12,75.296
2021-04-13,78.777
2021-04-14,78.268
2021-04-15,76.427
2021-04-16,76.787
2021-04-17,77.886
2021-04-18,77.539
2021-04-19,76.723
2021-04-20,73.597
2021-04-21,75.337
2021-04-22,74.491
2021-04-23,75.265
2021-04-24,75.856
2021-04-25,75.461
2021-04-26,76.162
2021-04-27,75.636
2021-04-28,78.122
2021-04-29,74.4
2021-04-30,75.409
2021-05-01,74.725
2021-05-02,75.621
2021-05-03,75.827
2021-05-04,74.929
2021-05-05,76.115
2021-05-06,76.051
2021-05-07,77.377
2021-05-08,73.748
2021-05-09,77.672
2021-05-10,75.742
2021-05-11,77.611
2021-05-12,77.585
2021-05-13,76.447
2021-05-14,78.617
2021-05-15,76.477
2021-05-16,77.851
2021-05-17,80.045
2021-05-18,77.214
2021-05-19,75.976
2021-05-20,75.173
2021-05-21,75.178
2021-05-22,75.79
2021-05-23,76.528
2021-05-24,76.031
2021-05-25,74.979
2021-05-26,78.627
2021-05-27,76.235
2021-05-28,76.116
2021-05-29,78.552
2021-05-30,74.973
2021-05-31,75.281
2021-06-01,76.342
2021-06-02,79.009
2021-06-03,75.836
2021-06-04,78.866
2021-06-05,78.861
2021-06-06,76.501
2021-06-07,78.815
2021-06-08,78.153
2021-06-09,79.168
2021-06-10,76.926
2021-06-11,78.955
2021-06-12,77.767
2021-06-13,78.589
2021-06-14,77.354
2021-06-15,79.937
2021-06-16,77.566
2021-06-17,78.687
2021-06-18,77.343
2021-06-19,80.37
2021-06-20,79.087
2021-06-21,81.14
2021-06-22,84.094
2021-06-23,79.492
2021-06-24,80.297
2021-06-25,78.756
2021-06-26,80.268
2021-06-27,81.449
2021-06-28,77.964
2021-06-29,79.039
2021-06-30,80.422
2021-07-01,81.041
2021-07-02,82.054
2021-07-03,83.857
2021-07-04,81.442
2021-07-05,82.27
2021-07-06,79.134
2021-07-07,80.63
2021-07-08,78.964
2021-07-09,83.23
2021-07-10,84.535
2021-07-11,83.247
2021-07-12,83.337
2021-07-13,80.086
2021-07-14,80.119
2021-07-15,80.341
2021-07-16,81.096
2021-07-17,80.851
2021-07-18,79.544
2021-07-19,78.433
2021-07-20,79.01
2021-07-21,81.915
2021-07-22,82.514
2021-07-23,81.345
2021-07-24,79.744
2021-07-25,80.633
2021-07-26,78.398
2021-07-27,81.137
2021-07-28,80.08
2021-07-29,80.237
2021-07-30,81.34
2021-07-31,81.662
2021-08-01,83.65
2021-08-02,85.398
2021-08-03,82.908
2021-08-04,83.834
2021-08-05,84.067
2021-08-06,82.865
2021-08-07,84.132
2021-08-08,83.225
2021-08-09,82.567
2021-08-10,83.766
2021-08-11,84.135
2021-08-12,83.14
2021-08-13,84.269
2021-08-14,82.427
2021-08-15,84.681
2021-08-16,84.316
2021-08-17,81.874
2021-08-18,81.088
2021-08-19,81.614
2021-08-20,84.285
2021-08-21,85.823
2021-08-22,84.482
2021-08-23,85.953
2021-08-24,85.707
2021-08-25,81.64
2021-08-26,83.509
2021-08-27,83.645
2021-08-28,83.449
2021-08-29,83.933
2021-08-30,84.521
2021-08-31,83.705
2021-09-01,85.237
2021-09-02,86.321
2021-09-03,83.903
2021-09-04,83.72
2021-09-05,82.025
2021-09-06,83.524
2021-09-07,81.622
2021-09-08,83.527
2021-09-09,82.017
2021-09-10,79.038
2021-09-11,83.622
2021-09-12,81.494
2021-09-13,83.679
2021-09-14,82.758
2021-09-15,82.376
2021-09-16,82.421
2021-09-17,84.456
2021-09-18,83.665
2021-09-19,83.002
2021-09-20,80.392
2021-09-21,82.187
2021-09-22,82.961
2021-09-23,82.535
2021-09-24,84.7
2021-09-25,83.959
2021-09-26,84.795
2021-09-27,84.974
2021-09-28,85.891
2021-09-29,83.751
2021-09-30,84.087
2021-10-01,82.425
2021-10-02,80.887
2021-10-03,84.831
2021-10-04,85.89
2021-10-05,83.86
2021-10-06,82.363
2021-10-07,80.951
2021-10-08,80.448
2021-10-09,82.73
2021-10-10,82.409
2021-10-11,81.373
2021-10-12,82.956
2021-10-13,85.501
2021-10-14,82.95
2021-10-15,86.417
2021-10-16,82.191
2021-10-17,87.306
2021-10-18,87.274
2021-10-19,82.231
2021-10-20,82.148
2021-10-21,82.324
2021-10-22,81.882
2021-10-23,81.871
2021-10-24,83.773
2021-10-25,80.957
2021-10-26,82.002
2021-10-27,82.042
2021-10-28,81.211
2021-10-29,80.238
2021-10-30,79.143
2021-10-31,80.471
2021-11-01,80.572
2021-11-02,80.612
2021-11-03,81.66
2021-11-04,80.219
2021-11-05,80.35
2021-11-06,78.291
2021-11-07,83.43
2021-11-08,81.439
2021-11-09,81.081
2021-11-10,81.32
2021-11-11,84.26
2021-11-12,81.347
2021-11-13,80.782
2021-11-14,77.112
2021-11-15,78.646
2021-11-16,78.248
2021-11-17,78.575
2021-11-18,79.83
2021-11-19,80.639
2021-11-20,80.563
2021-11-21,81.468
2021-11-22,79.487
2021-11-23,80.136
2021-11-24,79.956
2021-11-25,81.991
2021-11-26,81.199
2021-11-27,77.915
2021-11-28,77.679
2021-11-29,79.932
2021-11-30,77.575
2021-12-01,77.57
2021-12-02,80.195
2021-12-03,79.551
2021-12-04,81.203
2021-12-05,80.702
2021-12-06,78.849
2021-12-07,82.28
2021-12-08,77.797
2021-12-09,79.426
2021-12-10,77.181
2021-12-11,77.162
2021-12-12,78.32
2021-12-13,78.059
2021-12-14,78.905
2021-12-15,77.894
2021-12-16,80.084
2021-12-17,81.702
2021-12-18,79.112
2021-12-19,77.954
2021-12-20,78.212
2021-12-21,80.34
2021-12-22,81.241
2021-12-23,80.684
2021-12-24,78.697
2021-12-25,81.868
2021-12-26,82.718
2021-12-27,81.433
2021-12-28,81.6
2021-12-29,81.381
2021-12-30,79.947
2021-12-31,81.393
2022-01-01,80.496
2022-01-02,79.226
2022-01-03,82.797
2022-01-04,80.401
2022-01-05,82.826
2022-01-06,82.508
2022-01-07,80.412
2022-01-08,80.79
2022-01-09,80.76
2022-01-10,83.179
2022-01-11,86.664
2022-01-12,83.816
2022-01-13,83.649
2022-01-14,85.668
2022-01-15,84.398
2022-01-16,84.234
2022-01-17,85.565
2022-01-18,84.786
2022-01-19,84.967
2022-01-20,83.303
2022-01-21,82.354
2022-01-22,82.173
2022-01-23,84.367
2022-01-24,84.907
2022-01-25,85.404
2022-01-26,85.355
2022-01-27,84.237
2022-01-28,82.41
2022-01-29,85.126
2022-01-30,84.039
2022-01-31,84.808
2022-02-01,85.318
2022-02-02,86.372
2022-02-03,83.239
2022-02-04,85.972
2022-02-05,80.623
2022-02-06,81.126
2022-02-07,83.72
2022-02-08,82.374
2022-02-09,83.455
2022-02-10,83.042
2022-02-11,82.49
2022-02-12,85.005
2022-02-13,84.776
2022-02-14,82.057
2022-02-15,84.304
2022-02-16,84.036
2022-02-17,84.121
2022-02-18,84.032
2022-02-19,85.848
2022-02-20,85.327
2022-02-21,84.614
2022-02-22,84.404
2022-02-23,81.653
2022-02-24,83.013
2022-02-25,84.955
2022-02-26,86.185
2022-02-27,83.195
2022-02-28,84.194
2022-03-01,83.038
2022-03-02,83.379
2022-03-03,82.46
2022-03-04,83.942
2022-03-05,80.926
2022-03-06,84.028
2022-03-07,84.289
2022-03-08,87.499
2022-03-09,81.943
2022-03-10,83.238
2022-03-11,82.793
2022-03-12,84.89
2022-03-13,87.275
2022-03-14,84.834
2022-03-15,84.122
2022-03-16,83.89
2022-03-17,83.452
2022-03-18,82.076
2022-03-19,82.755
2022-03-20,84.195
2022-03-21,85.286
2022-03-22,85.952
2022-03-23,83.693
2022-03-24,87.797
2022-03-25,86.039
2022-03-26,86.241
2022-03-27,85.399
2022-03-28,85.648
2022-03-29,86.272
2022-03-30,89.894
2022-03-31,88.793
2022-04-01,90.283
2022-04-02,90.163
2022-04-03,88.085
2022-04-04,87.132
2022-04-05,87.623
2022-04-06,88.983
2022-04-07,89.098
2022-04-08,89.195
2022-04-09,86.998
2022-04-10,87.117
2022-04-11,90.261
2022-04-12,87.422
2022-04-13,88.901
2022-04-14,89.81
2022-04-15,89.526
2022-04-16,86.555
2022-04-17,85.355
2022-04-18,85.035
2022-04-19,86.552
2022-04-20,85.491
2022-04-21,85.593
2022-04-22,84.639
2022-04-23,83.989
2022-04-24,84.731
2022-04-25,86.148
2022-04-26,87.703
2022-04-27,87.458
2022-04-28,86.877
2022-04-29,88.045
2022-04-30,90.051
2022-05-01,86.481
2022-05-02,86.881
2022-05-03,90.622
2022-05-04,86.607
2022-05-05,86.327
2022-05-06,87.209
2022-05-07,87.622
2022-05-08,87.212
2022-05-09,85.424
2022-05-10,86.231
2022-05-11,85.219
2022-05-12,86.962
2022-05-13,88.806
2022-05-14,91.199
2022-05-15,87.555
2022-05-16,89.321
2022-05-17,89.976
2022-05-18,85.764
2022-05-19,90.043
2022-05-20,87.496
2022-05-21,87.545
2022-05-22,87.8
2022-05-23,86.419
2022-05-24,87.573
2022-05-25,86.455
2022-05-26,88.476
2022-05-27,88.168
2022-05-28,89.085
2022-05-29,90.475
2022-05-30,87.78
2022-05-31,89.273
2022-06-01,88.655
2022-06-02,89.219
2022-06-03,86.278
2022-06-04,88.066
2022-06-05,87.091
2022-06-06,88.21
2022-06-07,87.398
2022-06-08,88.941
2022-06-09,88.452
2022-06-10,88.136
2022-06-11,86.364
2022-06-12,90.857
2022-06-13,88.97
2022-06-14,88.341
2022-06-15,90.398
2022-06-16,90.47
2022-06-17,89.463
2022-06-18,88.883
2022-06-19,88.807
2022-06-20,90.97
2022-06-21,87.647
2022-06-22,89.703
2022-06-23,87.043
2022-06-24,87.989
2022-06-25,86.99
2022-06-26,89.321
2022-06-27,87.122
2022-06-28,88.313
2022-06-29,89.174
2022-06-30,88.198
2022-07-01,91.076
2022-07-02,90.151
2022-07-03,88.898
2022-07-04,88.536
2022-07-05,90.293
2022-07-06,89.904
2022-07-07,93.18
2022-07-08,91.436
2022-07-09,89.611
2022-07-10,92.439
2022-07-11,90.426
2022-07-12,89.062
2022-07-13,90.586
2022-07-14,94.218
2022-07-15,90.461
2022-07-16,90.409
2022-07-17,92.107
2022-07-18,90.828
2022-07-19,92.652
2022-07-20,91.421
2022-07-21,92.973
2022-07-22,94.109
2022-07-23,93.565
2022-07-24,94.111
2022-07-25,91.007
2022-07-26,93.785
2022-07-27,93.505
2022-07-28,91.141
2022-07-29,92.678
2022-07-30,92.076
2022-07-31,91.852
2022-08-01,94.145
2022-08-02,95.853
2022-08-03,94.106
2022-08-04,92.373
2022-08-05,93.438
2022-08-06,94.687
2022-08-07,94.942
2022-08-08,95.342
2022-08-09,94.177
2022-08-10,94.976
2022-08-11,93.214
2022-08-12,97.688
2022-08-13,94.872
2022-08-14,93.166
2022-08-15,95.143
2022-08-16,98.073
2022-08-17,94.154
2022-08-18,95.079
2022-08-19,95.785
2022-08-20,98.021
2022-08-21,93.448
2022-08-22,95.711
2022-08-23,95.03
2022-08-24,93.767
2022-08-25,96.69
2022-08-26,98.44
2022-08-27,93.479
2022-08-28,93.713
2022-08-29,94.451
2022-08-30,90.783
2022-08-31,93.76
2022-09-01,94.658
2022-09-02,94.595
2022-09-03,94.056
2022-09-04,95.427
2022-09-05,94.653
2022-09-06,95.939
2022-09-07,94.757
2022-09-08,96.487
2022-09-09,97.018
2022-09-10,94.093
2022-09-11,97.311
2022-09-12,96.476
2022-09-13,95.97
2022-09-14,95.033
2022-09-15,95.117
2022-09-16,96.361
2022-09-17,94.536
2022-09-18,96.824
2022-09-19,98.437
2022-09-20,97.579
2022-09-21,97.578
2022-09-22,95.104
2022-09-23,91.983
2022-09-24,93.145
2022-09-25,90.503
2022-09-26,91.231
2022-09-27,92.318
2022-09-28,92.868
2022-09-29,94.161
2022-09-30,94.613
2022-10-01,93.764
2022-10-02,94.493
